Game,Ownership,Multiplayer,Player(s),Platform(s),Size (GB),Steam ID,Game Image,Enjoyment,Notes,Install Status,Last Installed/Uninstalled
4 Souls,Kay,Local Multiplayer,"Kay,Dee,Gary,Martin,Parents","Board Game,PC,Steam",Med,,https://i.kickstarter.com/assets/021/662/180/97e5c249dee6b4488b268f9b5ba454cf_original.png?anim=false&fit=cover&gravity=auto&height=873&origin=ugc&q=92&v=1529970458&width=1552&sig=rfeWYjrfsKf4FDW3LYcI4pA%2BZDJIdI2MFCbe9OGnQeE%3D,9,,Install Not Needed,"9/21/2024, 7:39 AM"
7 Billon Humans,Kay,Single-Player,Kay,"PC,Steam",0.26,792100,https://shared.cloudflare.steamstatic.com/store_item_assets/steam/apps/[Steam ID]/library_600x900.jpg,8,,Installed,"9/21/2024, 7:29 AM"
8Bit Fiesta,Kay,Local Multiplayer,"Kay,Dee","PC,Steam",0.09,382260,https://shared.fastly.steamstatic.com/store_item_assets/steam/apps/382260/library_600x900.jpg?t=1723586951,7,,Not Installed,"9/21/2024, 7:29 AM"
9 Kings,Kay,Single-Player,Kay,"PC,Steam",0.16,2784470,https://shared.cloudflare.steamstatic.com/store_item_assets/steam/apps/2784470/library_600x900.jpg,7,,Installed,"2/28/2026, 10:42 AM"
30 Second Life,Kay,Single-Player,Kay,Mobile,,,https://kotaku.com/igdb/image/upload/t_cover_big_2x/co99i4.jpg,7,,Not Installed,"9/21/2024, 7:29 AM"
80 Days,Kay,Single-Player,Kay,"PC,Steam",,381780,https://shared.cloudflare.steamstatic.com/store_item_assets/steam/apps/[Steam ID]/library_600x900.jpg,6,,Not Installed,"9/21/2024, 7:29 AM"
888 Poker,Kay,Online PvP,Kay,PC,,,https://www.pngkey.com/png/detail/138-1389406_888-poker-logo-png.png,6,,Installed,"9/21/2024, 7:29 AM"
1001 Spikes,Kay,"Single-Player,Local Multiplayer",Kay,"PC,Steam",0.1,260790,https://shared.cloudflare.steamstatic.com/store_item_assets/steam/apps/[Steam ID]/library_600x900.jpg,5,,Installed,"9/21/2024, 7:29 AM"
Aim Labs,Kay,Single-Player,"Kay,Dee","PC,Steam",18.07,714010,https://shared.cloudflare.steamstatic.com/store_item_assets/steam/apps/[Steam ID]/library_600x900.jpg,7,,Installed,"9/21/2024, 7:29 AM"
Alan Wake,Kay,Single-Player,Kay,"PC,Epic Games",16.9,108710,https://shared.fastly.steamstatic.com/store_item_assets/steam/apps/[Steam ID]/library_600x900.jpg?t=1769717716,3,,Not Installed,"9/21/2024, 7:29 AM"
Amnesia: Rebirth,Kay,Single-Player,Kay,"PC,Epic Games",34.8,999220,https://shared.cloudflare.steamstatic.com/store_item_assets/steam/apps/[Steam ID]/library_600x900.jpg,7,,Installed,"9/21/2024, 7:29 AM"
Among Us,"Kay,Dee,Gary","Single-Player,Online PvP,Online Co-Op,Local Multiplayer","Kay,Dee,Gary","Mobile,PC,Steam",0.53,945360,https://shared.cloudflare.steamstatic.com/store_item_assets/steam/apps/[Steam ID]/library_600x900.jpg,6,,Installed,"9/21/2024, 7:29 AM"
Apex Legends,"Kay,Dee,Martin,Gary",Single-Player,"Kay,Dee","Playstation,"PC,Epic Games",Steam",87.88,1172470,https://shared.fastly.steamstatic.com/store_item_assets/steam/apps/1172470/8ef1f759661f323642fb0f32e056821a76885542/library_capsule.jpg,6,,Not Installed,"2/27/2026, 11:30 AM"
ARC Raiders,"Kay,Martin","Online PvP,Online Co-Op","Kay,Martin","PC,Steam",42.6,1808500,https://shared.cloudflare.steamstatic.com/store_item_assets/steam/apps/1808500/library_600x900.jpg,8,,Installed,"2/26/2026, 5:55 PM"
Assassin's Creed IV Black Flag,Kay,Single-Player,Kay,"PC,Uplay",24.9,242050,https://shared.fastly.steamstatic.com/store_item_assets/steam/apps/[Steam ID]/library_600x900.jpg,6,,Not Installed,"9/21/2024, 7:29 AM"
Assassins Creed: Odysey,Kay,Single-Player,Kay,"PC,Uplay",46.7,812140,https://shared.cloudflare.steamstatic.com/store_item_assets/steam/apps/[Steam ID]/library_600x900.jpg,,To Play,Not Installed,"9/21/2024, 7:29 AM"
Bad People,,Local Multiplayer,"Kay,Dee,Gary,Martin",Board Game,Small,,https://encrypted-tbn0.gstatic.com/images?q=tbn:ANd9GcRiqHB5-28Jjm4kw7Wbws4xc8HbqLOIYVBO6g&s,,,,"9/21/2024, 7:28 AM"
Balatro,Kay,Single-Player,Kay,"PC,Steam",0.06,2379780,https://shared.cloudflare.steamstatic.com/store_item_assets/steam/apps/2379780/library_600x900.jpg,8,,Installed,"2/27/2026, 12:49 PM"
Baldurs Gate 3,Dee,"Single-Player,Online Co-Op","Kay,Dee,Kay & Dee","PC,Steam",141.8,1086940,https://shared.cloudflare.steamstatic.com/store_item_assets/steam/apps/[Steam ID]/library_600x900.jpg,5,,Not Installed,"9/21/2024, 8:25 AM"
Ballionaire,Kay,Single-Player,Kay,"PC,Steam",0.39,2667120,https://shared.cloudflare.steamstatic.com/store_item_assets/steam/apps/2667120/library_600x900.jpg,,,Installed,"2/28/2026, 10:36 AM"
Battleblock Theatre,Kay,"Single-Player,Online PvP,Online Co-Op,Local Multiplayer",Kay,"PC,Steam",1.83,238460,https://shared.cloudflare.steamstatic.com/store_item_assets/steam/apps/[Steam ID]/library_600x900.jpg,7,,Not Installed,"2/27/2026, 11:30 AM"
Beam NG.Drive,Kay,Single-Player,Kay,"PC,Steam",50.79,284160,https://shared.cloudflare.steamstatic.com/store_item_assets/steam/apps/[Steam ID]/library_600x900.jpg,4,,Installed,"9/21/2024, 7:49 AM"
Beat Hazard,Kay,"Single-Player,Local Multiplayer",Kay,"PC,Steam",,49600,https://shared.cloudflare.steamstatic.com/store_item_assets/steam/apps/[Steam ID]/library_600x900.jpg,6,,Not Installed,"9/21/2024, 7:29 AM"
Beecarbonize,Kay,Single-Player,Kay,"PC,Steam",0.16,2486750,https://shared.cloudflare.steamstatic.com/store_item_assets/steam/apps/[Steam ID]/library_600x900.jpg,7,,,"9/21/2024, 7:28 AM"
Black the Fall,Kay,Single-Player,Kay,"PC,Steam",,308060,https://shared.cloudflare.steamstatic.com/store_item_assets/steam/apps/[Steam ID]/library_600x900.jpg,,To Play,Not Installed,"9/21/2024, 7:29 AM"
Blek,Kay,Single-Player,"Kay,Dee",Mobile,,,,7,,,"9/21/2024, 7:28 AM"
Bodycam,Kay,Online PvP,Kay,"PC,Steam",35.7,2406770,https://shared.cloudflare.steamstatic.com/store_item_assets/steam/apps/2406770/library_600x900.jpg,8,,Installed,"2/26/2026, 5:58 PM"
Bōku,Kay,Local Multiplayer,Kay,Board Game,Medium,,https://imgs.search.brave.com/rJl_CrjxK1ahQi5BcUii0BijDOtI2nAm0C1CM30mjDU/rs:fit:860:0:0:0/g:ce/aHR0cHM6Ly9pLmVi/YXlpbWcuY29tL2lt/YWdlcy9nL0xNTUFB/T1N3YmFGZjA2cGEv/cy1sNjQwLmpwZw,8,,,"9/21/2024, 7:28 AM"
Borderlands 2,"Kay,Dee,Gary","Single-Player,Online PvP,Online Co-Op","Kay,Dee,Gary","PC,Steam",16.54,49520,https://shared.cloudflare.steamstatic.com/store_item_assets/steam/apps/[Steam ID]/library_600x900.jpg,8,,Not Installed,"9/21/2024, 7:29 AM"
Borderlands 3,"Kay,Dee","Single-Player,Online Co-Op","Kay,Dee","PC,Steam",139.5,397540,https://shared.cloudflare.steamstatic.com/store_item_assets/steam/apps/[Steam ID]/library_600x900.jpg,7,,Installed,"9/21/2024, 7:43 AM"
Borderlands GOTY Enhanced,Kay,"Single-Player,Online PvP,Online Co-Op,Local Multiplayer",Kay,"PC,Steam",16,729040,https://shared.cloudflare.steamstatic.com/store_item_assets/steam/apps/[Steam ID]/library_600x900.jpg,5,,Not Installed,"2/27/2026, 11:30 AM"
Broforce,Kay,"Single-Player,Local Multiplayer","Kay,Dee","PC,Steam",0.52,274190,https://shared.cloudflare.steamstatic.com/store_item_assets/steam/apps/[Steam ID]/library_600x900.jpg,8,,Not Installed,"2/27/2026, 11:30 AM"
Brothers - A Tale of Two Sons,Kay,"Single-Player,Local Multiplayer","Kay,Dee","PC,Steam",1.23,225080,https://shared.cloudflare.steamstatic.com/store_item_assets/steam/apps/[Steam ID]/library_600x900.jpg,,To Play,Not Installed,"9/21/2024, 7:29 AM"
Caffeine Hit,Kay,Local Multiplayer,"Kay,Dee,Gary,Martin,Parents",Board Game,Small,,https://image.ceneostatic.pl/data/products/93664495/i-ridley-s-gamesf-caffeine-hit.jpg,,To Play,,"9/21/2024, 7:28 AM"
Capitalism Lab,,Single-Player,Kay,PC,,,https://www.miastogier.pl/baza/Encyklopedia/gry/CapitalismLab_PC/Okladka/okl_caplab.jpg,,$40 - https://enlight.onfastspring.com/games/caplab-three-dlcs-sp,Installed,"9/21/2024, 7:29 AM"
Checkers,"Kay,Dee,Gary,Martin",Local Multiplayer,"Kay,Dee,Gary,Martin","Board Game,PC,Mobile",Medium,,https://m.media-amazon.com/images/I/61BfWL3KMeL.png,6,,Install Not Needed,"9/21/2024, 7:29 AM"
Chess,"Kay,Dee,Gary,Martin,Free to Play","Local Multiplayer,Single-Player,Online PvP","Kay,Dee,Gary,Martin","PC,Mobile,Board Game,Web Browser",Medium,,https://imgs.search.brave.com/x9UPieTjrzi1cwxWD3nVT8KJlREQ3Cuo0eUCq0FDDU4/rs:fit:860:0:0:0/g:ce/aHR0cHM6Ly9tZWRp/YS5nZXR0eWltYWdl/cy5jb20vaWQvMTQx/OTgwNjMxOS9waG90/by9tYW5zLWhhbmQt/cGxheWluZy1jaGVz/cy5qcGc_cz02MTJ4/NjEyJnc9MCZrPTIw/JmM9bjc0M3JuTkU4/eEJxeXZUZ2R4NzhS/VlV5bFVJSEZTcENv/U3FtTlV0dm1jdz0,9,,,"9/21/2024, 7:28 AM"
Chivalry: Medieval Warfare,Kay,"Single-Player,Online PvP,Online Co-Op",Kay,"PC,Steam",0.48,219640,https://shared.cloudflare.steamstatic.com/store_item_assets/steam/apps/[Steam ID]/library_600x900.jpg,6,,Not Installed,"2/27/2026, 11:30 AM"
Cities Skylines 2,,Single-Player,Kay,"PC,Steam",72.6,949230,https://shared.cloudflare.steamstatic.com/store_item_assets/steam/apps/[Steam ID]/library_600x900.jpg,6,,Installed,"2/27/2026, 11:30 AM"
Cities: Skylines,Kay,Single-Player,Kay,"PC,Steam",14.8,255710,https://shared.cloudflare.steamstatic.com/store_item_assets/steam/apps/[Steam ID]/library_600x900.jpg,5,,Not Installed,"9/21/2024, 7:29 AM"
Civilization V,"Kay,Martin","Single-Player,Online PvP,Online Co-Op,Local Multiplayer","Kay,Martin","PC,Steam",8.6,8930,https://shared.cloudflare.steamstatic.com/store_item_assets/steam/apps/[Steam ID]/library_600x900.jpg,7,"Civ V
Bomb an enemy city with a B-17.
Space Victory using the Order Ideology
Civ V Save: When starting war within the great wall, all your units are forced out. Try an autosave to find a save where most of your units are in friendly territory, so you can upgrade then.",Not Installed,"2/27/2026, 11:30 AM"
Civilization VI,Kay,"Single-Player,Online PvP,Online Co-Op,Local Multiplayer",Kay,"PC,Steam",11.9,289070,https://shared.cloudflare.steamstatic.com/store_item_assets/steam/apps/[Steam ID]/library_600x900.jpg,3,,Installed,"9/21/2024, 7:29 AM"
Civilization: Beyond Earth,Kay,"Single-Player,Online PvP,Online Co-Op,Local Multiplayer",Kay,"PC,Steam",6.1,65980,https://shared.cloudflare.steamstatic.com/store_item_assets/steam/apps/[Steam ID]/library_600x900.jpg,5,,Not Installed,"2/27/2026, 11:30 AM"
Cloudbuilt,Kay,Single-Player,"Kay,Dee","PC,Steam",2.4,262390,https://shared.cloudflare.steamstatic.com/store_item_assets/steam/apps/[Steam ID]/library_600x900.jpg,,To Play,Not Installed,"2/27/2026, 11:30 AM"
Clover Pit,Kay,Single-Player,Kay,"PC,Steam",0.36,3314790,https://shared.cloudflare.steamstatic.com/store_item_assets/steam/apps/3314790/library_600x900.jpg,6,,Installed,"2/28/2026, 10:41 AM"
Cluedo,Kay,Local Multiplayer,"Kay,Dee,Gary,Martin,Parents",Board Game,Medium,,,4,,,"9/21/2024, 7:28 AM"
Cluedo Card Game,Kay,Local Multiplayer,"Kay,Dee,Gary,Martin,Parents",Board Game,Small,,,,To Play,,"9/21/2024, 7:28 AM"
Clustertruck,Kay,Single-Player,"Kay,Dee","PC,Steam",0.45,397950,https://shared.cloudflare.steamstatic.com/store_item_assets/steam/apps/[Steam ID]/library_600x900.jpg,6,,Installed,"9/21/2024, 7:29 AM"
Cosmic Top Secret,Kay,Single-Player,Kay,"PC,Steam",1.1,,https://shared.cloudflare.steamstatic.com/store_item_assets/steam/apps/[Steam ID]/library_600x900.jpg,6,,Not Installed,"2/27/2026, 11:30 AM"
Counter-Strike 2,"Kay,Dee,Gary","Single-Player,Online PvP,Online Co-Op","Kay,Dee,Gary","PC,Steam",57.7,730,https://shared.cloudflare.steamstatic.com/store_item_assets/steam/apps/[Steam ID]/library_600x900.jpg,5,,Installed,"2/27/2026, 11:30 AM"
Coup,,Local Multiplayer,"Kay,Dee,Gary,Martin,Parents",Card Game,Small,,https://chess.co.uk/cdn/shop/products/CB07776-2_800x.jpg?v=1599663992,,,,"9/21/2024, 7:28 AM"
Crab Game,Free to Play,"Single-Player,Online PvP,Online Co-Op","Kay,Dee,Martin,Gary","PC,Steam",0.5,1782210,https://shared.cloudflare.steamstatic.com/store_item_assets/steam/apps/[Steam ID]/library_600x900.jpg,8,,Not Installed,"2/27/2026, 11:45 AM"
Crawl,Kay,"Single-Player,Local Multiplayer","Kay,Dee","PC,Steam",0.26,293780,https://shared.cloudflare.steamstatic.com/store_item_assets/steam/apps/[Steam ID]/library_600x900.jpg,,To Play,Not Installed,"2/27/2026, 11:45 AM"
Crazy Taxi,Kay,"Single-Player,Local Multiplayer","Kay,Dee","PC,Steam",0.37,71230,https://shared.cloudflare.steamstatic.com/store_item_assets/steam/apps/[Steam ID]/library_600x900.jpg,5,,Installed,"9/21/2024, 7:29 AM"
Crusader Kings III,Kay,"Single-Player,Online PvP",Kay,"PC,Steam",17.45,1158310,https://shared.cloudflare.steamstatic.com/store_item_assets/steam/apps/1158310/library_600x900.jpg,8,,Installed,"2/27/2026, 12:39 PM"
Crypt of the Necrodancer,"Kay,Gary","Single-Player,Local Multiplayer","Kay,Gary","PC,Steam",2.17,247080,https://shared.cloudflare.steamstatic.com/store_item_assets/steam/apps/[Steam ID]/library_600x900.jpg,9,,Installed,"2/27/2026, 11:45 AM"
Cyberpunk 2077,Kay,Single-Player,Kay,"PC,Steam",61.8,1091500,https://shared.cloudflare.steamstatic.com/store_item_assets/steam/apps/[Steam ID]/library_600x900.jpg,7,To Play,Installed,"2/27/2026, 11:45 AM"
Cytus 2,"Kay,Dee",Single-Player,"Kay,Dee",Mobile,,,,6,,,"9/21/2024, 7:28 AM"
DARK SOULS III,"Kay,Martin,Gary","Single-Player,Online PvP,Online Co-Op","Kay,Martin,Gary","PC,Steam",24.9,374320,https://shared.cloudflare.steamstatic.com/store_item_assets/steam/apps/[Steam ID]/library_600x900.jpg,7,,Not Installed,"2/27/2026, 11:45 AM"
Dark Souls Remastered,"Kay,Martin,Gary","Single-Player,Online PvP,Online Co-Op","Kay,Martin,Gary","PC,Steam",6.86,570940,https://shared.cloudflare.steamstatic.com/store_item_assets/steam/apps/[Steam ID]/library_600x900.jpg,6,,Installed,"2/27/2026, 11:45 AM"
Dead island 2,,Single-Player,Kay,"PC,Steam",70,934700,https://shared.cloudflare.steamstatic.com/store_item_assets/steam/apps/[Steam ID]/library_600x900.jpg,5,,Not Installed,"2/27/2026, 11:45 AM"
Dead or Alive 5,Kay,"Single-Player,Local Multiplayer,Online PvP,Online Co-Op",Kay,"PC,Steam",7,,https://shared.cloudflare.steamstatic.com/store_item_assets/steam/apps/[Steam ID]/library_600x900.jpg,5,,Not Installed,"2/27/2026, 11:45 AM"
Dead Pixels,Kay,Single-Player,"Kay,Dee","PC,Steam",0.28,222980,https://shared.cloudflare.steamstatic.com/store_item_assets/steam/apps/[Steam ID]/library_600x900.jpg,5,,Not Installed,"2/27/2026, 11:45 AM"
Dead Rising 4,Kay,"Single-Player,Online Co-Op",Kay,"PC,Steam",69.1,543460,https://shared.cloudflare.steamstatic.com/store_item_assets/steam/apps/[Steam ID]/library_600x900.jpg,8,,Installed,"2/27/2026, 11:45 AM"
Death Road to Canada,Kay,"Single-Player,Local Multiplayer","Kay,Dee","PC,Steam",0.1,238370,https://shared.cloudflare.steamstatic.com/store_item_assets/steam/apps/[Steam ID]/library_600x900.jpg,5,,Installed,"9/21/2024, 7:29 AM"
Deceive Inc,"Kay,Dee,Martin","Single-Player,Online PvP,Online Co-Op","Kay,Dee,Martin","PC,Steam",9.5,820520,https://shared.cloudflare.steamstatic.com/store_item_assets/steam/apps/[Steam ID]/library_600x900.jpg,7,,Installed,"9/21/2024, 7:29 AM"
Destiny 2,"Kay,Dee,Martin,Gary","Single-Player,Online Co-Op","Kay,Dee,Martin,Gary","PC,Steam",126.02,1085660,https://shared.cloudflare.steamstatic.com/store_item_assets/steam/apps/[Steam ID]/library_600x900.jpg,6,,Not Installed,"2/27/2026, 11:45 AM"
Device 6,Kay,Single-Player,"Kay,Dee",Mobile,,,,,To Play,,"9/21/2024, 7:28 AM"
Devil Daggers,Kay,Single-Player,Kay,"PC,Steam",0.6,422970,https://shared.cloudflare.steamstatic.com/store_item_assets/steam/apps/[Steam ID]/library_600x900.jpg,4,,Not Installed,"9/21/2024, 7:29 AM"
Dino Dump,,"Single-Player,Local Multiplayer",Kay,Card Game,,,,,,,"9/21/2024, 7:28 AM"
Disco Elysium,Kay,Single-Player,Kay,"PC,Steam",9.57,632470,https://shared.cloudflare.steamstatic.com/store_item_assets/steam/apps/632470/library_600x900.jpg,7,,Installed,"2/27/2026, 12:42 PM"
DMC Devil May Cry,Kay,Single-Player,Kay,"PC,Steam",8.6,220440,https://shared.cloudflare.steamstatic.com/store_item_assets/steam/apps/[Steam ID]/library_600x900.jpg,6,,Installed,"9/21/2024, 7:29 AM"
Domina,Kay,"Single-Player,Local Multiplayer",Kay,"PC,Steam",0.3,535230,https://shared.cloudflare.steamstatic.com/store_item_assets/steam/apps/[Steam ID]/library_600x900.jpg,,To Play,Not Installed,"9/21/2024, 7:29 AM"
Dominos,Kay,Local Multiplayer,"Kay,Dee,Gary,Martin,Parents",Board Game,Medium,,https://media.johnlewiscontent.com/i/JohnLewis/112065490alt2?fmt=auto&$background-off-white$,4,,,"9/21/2024, 7:28 AM"
Don't Starve Together,"Kay,Dee,Gary","Single-Player,Online Co-Op","Kay,Dee,Gary","PC,Steam",3.1,322330,https://shared.cloudflare.steamstatic.com/store_item_assets/steam/apps/[Steam ID]/library_600x900.jpg,,To Play,Installed,"9/21/2024, 7:29 AM"
DOOM: Eternal,,"Single-Player,Online Co-Op",Kay,"PC,Steam",,782330,https://shared.cloudflare.steamstatic.com/store_item_assets/steam/apps/[Steam ID]/library_600x900.jpg,5,,,"9/21/2024, 7:28 AM"
DOTA 2,Free to Play,"Online PvP,Online Co-Op","Kay,Dee","PC,Steam",49,570,https://shared.cloudflare.steamstatic.com/store_item_assets/steam/apps/[Steam ID]/library_600x900.jpg,6,,Not Installed,"9/21/2024, 7:29 AM"
Drama Llama,,Local Multiplayer,"Kay,Dee,Gary,Martin,Parents",Card Game,,,,,,,"9/21/2024, 7:28 AM"
Draughts,Free to Play,,,Web Browser,,,,6,lidraughts.org • Free Online Draughts,Install Not Needed,"9/21/2024, 7:29 AM"
Dungeon Cards,Kay,Single-Player,Kay,"Mobile,PC,Steam",,,,7,,Not Installed,"9/21/2024, 7:29 AM"
Dwarf Fortress,Kay,Single-Player,Kay,"PC,Steam",0.34,975370,https://shared.cloudflare.steamstatic.com/store_item_assets/steam/apps/[Steam ID]/library_600x900.jpg,8,,Installed,"9/21/2024, 7:29 AM"
Dying Light 2,,"Single-Player,Online Co-Op",Kay,"PC,Steam",60.5,534380,https://shared.cloudflare.steamstatic.com/store_item_assets/steam/apps/[Steam ID]/library_600x900.jpg,6,,,"2/27/2026, 11:45 AM"
Dyson Sphere Program,,,Kay,"PC,Steam",4.35,1366540,https://shared.cloudflare.steamstatic.com/store_item_assets/steam/apps/[Steam ID]/library_600x900.jpg,6,,Installed,"2/27/2026, 11:45 AM"
Elden Ring,"Kay,Gary,Martin","Single-Player,Online PvP,Online Co-Op","Kay,Gary,Martin","PC,Steam",51.2,1245620,https://shared.cloudflare.steamstatic.com/store_item_assets/steam/apps/[Steam ID]/library_600x900.jpg,9,,Installed,"9/21/2024, 7:29 AM"
Enter the Gungeon,Kay,"Single-Player,Local Multiplayer","Kay,Dee","PC,Steam",0.3,311690,https://shared.cloudflare.steamstatic.com/store_item_assets/steam/apps/[Steam ID]/library_600x900.jpg,7,,Installed,"2/27/2026, 11:45 AM"
Everything,Kay,Single-Player,"Kay,Dee","PC,Steam",4,582270,https://shared.cloudflare.steamstatic.com/store_item_assets/steam/apps/[Steam ID]/library_600x900.jpg,6,,Installed,"9/21/2024, 7:29 AM"
Exploding Kittens,Kay,Local Multiplayer,"Kay,Dee,Gary,Martin,Parents","Board Game,Mobile",Small,,https://imgs.search.brave.com/nM_UacZrbTBCJrGyKGvIc0Q8C2lnB4pigH0wxcXAP1o/rs:fit:860:0:0:0/g:ce/aHR0cHM6Ly93d3cu/YXNtb2RlZS5jby51/ay9jZG4vc2hvcC9m/aWxlcy9FS0VLR0lN/UDQ4XzEuanBnP3Y9/MTc3MDc0ODc3NSZ3/aWR0aD00NjA,6,,,"9/21/2024, 7:28 AM"
Factorio,Kay,Single-Player,Kay,"PC,Steam",1.9,427520,https://shared.cloudflare.steamstatic.com/store_item_assets/steam/apps/[Steam ID]/library_600x900.jpg,8,,Installed,"9/21/2024, 7:29 AM"
Fall Guys,"Kay,Dee,Martin,Gary","Single-Player,Online PvP,Online Co-Op,Local Multiplayer","Kay,Dee,Martin,Gary","PC,Steam",5.8,1097150,https://shared.cloudflare.steamstatic.com/store_item_assets/steam/apps/[Steam ID]/library_600x900.jpg,7,,Installed,"9/21/2024, 7:29 AM"
Fallout 4,"Kay,Dee,Gary,Martin",Single-Player,"Kay,Dee,Gary,Martin","PC,Steam",35.64,377160,https://shared.cloudflare.steamstatic.com/store_item_assets/steam/apps/[Steam ID]/library_600x900.jpg,7,,Installed,"9/21/2024, 7:29 AM"
Fallout 76,"Kay,Dee,Martin,Gary","Single-Player,Online PvP,Online Co-Op","Kay,Dee,Martin,Gary","PC,Steam",99.5,1151340,https://shared.cloudflare.steamstatic.com/store_item_assets/steam/apps/[Steam ID]/library_600x900.jpg,6,,Installed,"9/21/2024, 7:47 AM"
Feud,Kay,Online PvP,Kay,"PC,Steam",0.18,863400,https://shared.cloudflare.steamstatic.com/store_item_assets/steam/apps/[Steam ID]/library_600x900.jpg,6,,Installed,"9/21/2024, 7:29 AM"
Fortnite,"Kay,Dee,Martin,Gary","Single-Player,Online PvP","Kay,Dee,Martin,Gary","PC,Epic Games",39.7,,https://m.media-amazon.com/images/M/MV5BMTZlMmIxM2EtN2Y4Zi00M2ZhLTk3NzgtNjJmZTU0MTQ3YjcwXkEyXkFqcGc@._V1_.jpg,6,,Not Installed,"2/27/2026, 11:45 AM"
Frogtown,Free to Play,,,Web Browser,,,,,https://www.frogtown.me/,Install Not Needed,"9/21/2024, 7:29 AM"
Frozen Synapse,Kay,"Single-Player,Local Multiplayer,Online PvP",Kay,"Mobile,PC,Steam",0.23,,,6,,Installed,"2/27/2026, 11:45 AM"
FTL,"Kay,Martin",Single-Player,"Kay,Martin","Mobile,PC,Steam",0.27,212680,https://shared.cloudflare.steamstatic.com/store_item_assets/steam/apps/[Steam ID]/library_600x900.jpg,6,,Installed,"2/27/2026, 11:45 AM"
Fun-employed,,Local Multiplayer,"Kay,Dee,Gary,Martin,Parents",Board Game,Small,,https://imgs.search.brave.com/G1llt38uefOvgnMcjPluQTHxJdR1NDXUOVF78YmTBj0/rs:fit:860:0:0:0/g:ce/aHR0cHM6Ly9pNS53/YWxtYXJ0aW1hZ2Vz/LmNvbS9zZW8vRnVu/ZW1wbG95ZWQtSW50/ZXJ2aWV3LUNhcmQt/R2FtZS1vZi1BY3R1/YWwtSm9icy1BYnN1/cmQtUXVhbGlmaWNh/dGlvbnMtZm9yLUdh/bWUtTmlnaHRfM2Y2/YWVjZmYtMGEwOS00/ODIxLWEzMmQtMGIy/ZmE4MDQ1YjFlLmM3/Y2I0NmE0Mjg5YWFl/NThlNmEyMGVmYzY2/YzFiMmZiLmpwZWc,7,,,"9/21/2024, 7:28 AM"
Game of Life,"Kay,Dee","Single-Player,Local Multiplayer,Online PvP","Kay,Dee",Mobile,,,,5,,,"9/21/2024, 7:28 AM"
Game Off,Kay,Local Multiplayer,"Kay,Dee,Gary,Martin,Parents",Board Game,,,,,"To Play 
3+ players 
A battle royale of head to head",,"9/21/2024, 7:28 AM"
Gang Beasts,"Kay,Dee,Martin,Gary","Single-Player,Online PvP,Online Co-Op","Kay,Dee,Martin,Gary","PC,Steam",1.21,285900,https://shared.cloudflare.steamstatic.com/store_item_assets/steam/apps/[Steam ID]/library_600x900.jpg,6,,Not Installed,"2/27/2026, 11:55 AM"
Garry's Mod,"Kay,Dee,Martin,Gary","Single-Player,Online PvP,Online Co-Op,Local Multiplayer","Kay,Dee,Martin,Gary","PC,Steam",6.7,4000,https://shared.cloudflare.steamstatic.com/store_item_assets/steam/apps/[Steam ID]/library_600x900.jpg,6,,Installed,"9/21/2024, 7:29 AM"
Genital Jousting,Kay,"Single-Player,Online PvP",Kay,"PC,Steam",,469820,https://shared.cloudflare.steamstatic.com/store_item_assets/steam/apps/[Steam ID]/library_600x900.jpg,5,,Not Installed,"9/21/2024, 7:29 AM"
Geometry Wars 3,Kay,Single-Player,Kay,"Mobile,PC,Steam",,310790,https://shared.fastly.steamstatic.com/store_item_assets/steam/apps/310790/portrait.png?t=1573065014,7,,Not Installed,"9/21/2024, 7:29 AM"
Ghostrunner,Kay,Single-Player,Kay,"PC,Epic Games",34.2,1139900,https://shared.cloudflare.steamstatic.com/store_item_assets/steam/apps/[Steam ID]/library_600x900.jpg,7,,Installed,"9/21/2024, 7:29 AM"
Ghost Watchers,"Kay,Martin","Single-Player,Online Co-Op","Kay,Martin","PC,Steam",21.49,1850740,https://shared.cloudflare.steamstatic.com/store_item_assets/steam/apps/1850740/library_600x900.jpg,7,Installed,"2/27/2026, 12:37 PM"
Gods Unchained,Free to Play,Online PvP,"Kay,Dee","PC,Epic Games",0.23,,https://image-cdn.lootrush.com/unsafe/800x0/smart/filters:format(webp)/https%3A%2F%2Flootrush-website-assets.s3.us-east-1.amazonaws.com%2Fimages%2Fgames%2Fgods-unchained%2FCard.png,8,,Installed,"9/21/2024, 7:29 AM"
Golf With Your Friends,"Kay,Martin","Single-Player,Online PvP,Online Co-Op,Local Multiplayer","Martin,Kay","PC,Steam",0.11,207140,https://shared.cloudflare.steamstatic.com/store_item_assets/steam/apps/[Steam ID]/library_600x900.jpg,6,,Installed,"9/21/2024, 7:29 AM"
GOPS - Game of Pure Strategy,"Kay,Dee,Gary,Martin",Local Multiplayer,"Kay,Dee,Gary,Martin,Parents",52 Deck of Cards,Small,,https://store-images.s-microsoft.com/image/apps.30958.13869660195906717.3957f047-5a90-4a4c-9a25-e72fb415a9b8.5e1c23a8-0ce2-4d34-b9e9-e1b2178ecdd1,,To Play,,"9/21/2024, 7:28 AM"
Gorebox,Kay,Single-Player,Kay,"PC,Steam",1,2027330,https://shared.cloudflare.steamstatic.com/store_item_assets/steam/apps/[Steam ID]/library_600x900.jpg,7,,Installed,"9/21/2024, 7:29 AM"
GTA 5,"Kay,Dee,Martin,Gary","Single-Player,Online PvP,Online Co-Op","Kay,Dee,Martin,Gary","PC,Epic Games",95.15,271590,https://shared.cloudflare.steamstatic.com/store_item_assets/steam/apps/[Steam ID]/library_600x900.jpg,9,,Not Installed,"2/27/2026, 12:05 PM"
Guilty as Sock!,Kay,"Online Co-Op,Online PvP",Kay,"PC,Steam",6.53,3400930,https://shared.cloudflare.steamstatic.com/store_item_assets/steam/apps/3400930/library_600x900.jpg,8,,Installed,"2/27/2026, 12:44 PM"
Gwent,Kay,Online PvP,Kay,"PC,Steam",7.62,1284410,https://shared.cloudflare.steamstatic.com/store_item_assets/steam/apps/[Steam ID]/library_600x900.jpg,7,,Installed,"2/26/2026, 5:23 PM"
Halo Infinite,"Kay,Dee,Martin,Gary","Single-Player,Online PvP,Online Co-Op,Local Multiplayer","Kay,Dee,Martin,Gary","PC,Steam",44.5,1240440,https://shared.cloudflare.steamstatic.com/store_item_assets/steam/apps/[Steam ID]/library_600x900.jpg,6,,Not Installed,"2/27/2026, 12:05 PM"
Halo The Master Chief Collection,"Kay,Dee,Martin,Gary","Single-Player,Online PvP,Online Co-Op,Local Multiplayer","Kay,Dee,Martin,Gary","PC,Steam",78.7,976730,https://shared.cloudflare.steamstatic.com/store_item_assets/steam/apps/[Steam ID]/library_600x900.jpg,7,,Installed,"9/21/2024, 7:47 AM"
Hammerwatch,"Kay,Dee,Martin,Gary","Single-Player,Online PvP,Online Co-Op,Local Multiplayer","Kay,Dee,Martin,Gary","PC,Steam",0.07,239070,https://shared.cloudflare.steamstatic.com/store_item_assets/steam/apps/[Steam ID]/library_600x900.jpg,6,,Installed,"9/21/2024, 7:29 AM"
Hearthstone,Free to Play,Online PvP,"Kay,Martin","PC,Battle Net",7.9,,https://imgs.search.brave.com/n5qao_R-8m_7Wbm36DGtYXpHKgJUnDnJzBqESm_9d6s/rs:fit:860:0:0:0/g:ce/aHR0cHM6Ly9pbWFn/ZXMtbmEuc3NsLWlt/YWdlcy1hbWF6b24u/Y29tL2ltYWdlcy9J/LzkxaVAtNVRKbDhM/LmpwZw,5,,Installed,"9/21/2024, 7:29 AM"
Guilty as Sock!,Kay,"Online PvP,Single-Player",Kay,"PC,Steam",6.31,394360,https://shared.cloudflare.steamstatic.com/store_item_assets/steam/apps/394360/library_600x900.jpg,7,,Installed,"2/27/2026, 12:45 PM"
Hero Siege,Kay,"Single-Player,Online PvP,Online Co-Op,Local Multiplayer",Kay,"PC,Steam",4.6,269210,https://shared.cloudflare.steamstatic.com/store_item_assets/steam/apps/[Steam ID]/library_600x900.jpg,7,,Installed,"9/21/2024, 7:29 AM"
Hidden Folks,Kay,"Single-Player,Local Multiplayer","Kay,Dee","Mobile,PC,Steam",0.25,589360,https://shared.cloudflare.steamstatic.com/store_item_assets/steam/apps/[Steam ID]/library_600x900.jpg,5,,Installed,"9/21/2024, 7:29 AM"
Hidden in Plain Sight,Kay,"Single-Player,Local Multiplayer","Kay,Dee","Xbox,PC,Steam",0.18,303590,https://shared.cloudflare.steamstatic.com/store_item_assets/steam/apps/[Steam ID]/library_600x900.jpg,7,,Installed,"9/21/2024, 7:29 AM"
Hitman 3,Kay,Single-Player,Kay,"PC,Epic Games",75.2,1659040,https://shared.cloudflare.steamstatic.com/store_item_assets/steam/apps/[Steam ID]/library_600x900.jpg,6,,Not Installed,"2/27/2026, 12:05 PM"
Human Fall Flat,"Kay,Dee,Martin,Gary","Single-Player,Online PvP,Online Co-Op,Local Multiplayer","Kay,Dee,Martin,Gary","PC,Steam",,477160,https://shared.cloudflare.steamstatic.com/store_item_assets/steam/apps/[Steam ID]/library_600x900.jpg,5,,Not Installed,"9/21/2024, 7:29 AM"
Humankind,Kay,Single-Player,Kay,"PC,Steam",34.76,1124300,https://shared.cloudflare.steamstatic.com/store_item_assets/steam/apps/[Steam ID]/library_600x900.jpg,4,,Installed,"9/21/2024, 7:29 AM"
Jackbox Party Pack,Kay,"Single-Player,Local Multiplayer","Kay,Dee,Gary,Martin,Parents","PC,Steam",,331670,https://shared.cloudflare.steamstatic.com/store_item_assets/steam/apps/[Steam ID]/library_600x900.jpg,8,,Not Installed,"9/21/2024, 7:29 AM"
KARDS,Kay,Online PvP,Kay,"PC,Steam",4.9,544810,https://shared.cloudflare.steamstatic.com/store_item_assets/steam/apps/[Steam ID]/library_600x900.jpg,6,,Installed,"9/21/2024, 7:29 AM"
Kay Card Game,Kay,"Single-Player,Local Multiplayer","Kay,Dee,Gary,Martin,Parents",52 Deck of Cards,,,,,"Goal:
Make sets of 4 (eg: 4 6's).
The player with the most sets of 4 at the end wins
 
In order to play a set, you must first play a Queen or a King.
Queens allow 2 sets
Kings allow 3 sets
 
Players must top-up to 5 cards after playing
 
If a jack is drawn, the drawing player must lay down, along with the Jack, all of the cards in their hand. Top back up to 5 cards afterwards.
 
Unique sets worth 2 points:
6969
 
The ace set is worth 3 points.
 
Aces can also be used to steal Queens & Kings.
2 Aces to steal Queen. 3 Aces to steal King.
 
 
One Ace used in this way is added to the victims hand, extending past 5 cards if need be.
The other Ace(s) are deposited in any of the piles: Jacks, Discard, Draw
All sets resting on stolen Queens/Kings are split among all present Jacks
 
Drawing a joker increases your hand-size to 6.
Drawing the second joker shrinks your hand size back to 5, and banishes one of your sets from the game permanently.
 
Players can, on their turn:
 
1. Discard cards. 
    a. Alternate between the discard pile, and any Jack pile, always staring with the discard pile
    b. If there are no jacks, discard the desired number of cards into the discard pile
2. Play 1 King or Queen
3. Play a set
4. Play Ace(s)
5. Draw 1 card from each jack-pile
6. Draw from the discard pile.
7. Draw from the stock pile",,"9/21/2024, 7:28 AM"
Kings Cup,Free to Play,"Single-Player,Local Multiplayer","Kay,Dee,Gary,Martin",52 Deck of Cards,,,,7,,,"9/21/2024, 7:28 AM"
Left 4 Dead 2,"Kay,Martin,Gary","Single-Player,Local Multiplayer,Online PvP,Online Co-Op","Kay,Martin,Gary","PC,Steam",13.94,550,https://shared.cloudflare.steamstatic.com/store_item_assets/steam/apps/[Steam ID]/library_600x900.jpg,7,,Installed,"9/21/2024, 7:29 AM"
Little Big Planet 3,Kay,"Single-Player,Local Multiplayer","Kay,Dee",Playstation,,,,5,,,"9/21/2024, 7:28 AM"
Madness: Projext Nexus,,Single-Player,Kay,"PC,Steam",,488860,https://shared.cloudflare.steamstatic.com/store_item_assets/steam/apps/[Steam ID]/library_600x900.jpg,,,Not Installed,"9/21/2024, 7:29 AM"
Magic - The Gathering: Arena,"Kay,Dee","Online PvP,Online Co-Op","Kay,Dee","Mobile,Card Game,PC,Steam",8.4,2141910,https://shared.cloudflare.steamstatic.com/store_item_assets/steam/apps/[Steam ID]/library_600x900.jpg,7,,Installed,"9/21/2024, 7:29 AM"
Manor Lords,Kay,Single-Player,Kay,"PC,Steam",13.21,1363080,https://shared.cloudflare.steamstatic.com/store_item_assets/steam/apps/1363080/library_600x900.jpg,6,,Installed,"2/27/2026, 12:41 PM"
Marathon,Free to Play,Online PvP,"Kay,Martin","PC,Steam",17.64,3065800,https://shared.cloudflare.steamstatic.com/store_item_assets/steam/apps/3065800/library_600x900.jpg,7,,Installed,"2/28/2026, 12:07 PM"
Mewgenics,"Kay,Martin",Single-Player,"Kay,Martin","PC,Steam",4.6,686060,https://shared.cloudflare.steamstatic.com/store_item_assets/steam/apps/686060/library_600x900.jpg,8,,Installed,"2/26/2026, 6:05 PM"
Minecraft,"Kay,Dee,Martin,Gary","Single-Player,Online PvP,Online Co-Op,Local Multiplayer","Gary,Martin,Kay,Dee",PC,2.3,,,7,,Installed,"9/21/2024, 7:29 AM"
Minit,Kay,"Single-Player,Local Multiplayer",Kay,"PC,Epic Games",,609490,https://shared.cloudflare.steamstatic.com/store_item_assets/steam/apps/[Steam ID]/library_600x900.jpg,,To Play,Not Installed,"9/21/2024, 7:29 AM"
Minute Challenge,Kay,Local Multiplayer,"Kay,Dee,Gary,Martin,Parents",Board Game,Small,,https://i.ebayimg.com/images/g/reIAAeSw5zJodmhT/s-l1200.jpg,3,,,"9/21/2024, 7:28 AM"
Monopoly,Kay,Local Multiplayer,"Kay,Dee,Gary,Martin,Parents",Board Game,Medium,,https://imgs.search.brave.com/nkLR4t2pZtj_F90ldQYtQoaYANvDoNuo0LhfTkSK9Oo/rs:fit:860:0:0:0/g:ce/aHR0cHM6Ly9kYXRh/LmdhbWVmbGFyZS5j/b20vZ2FtZXMvNzAy/Ny82Qm1BblBRT0I1/SkphVi00MDAtMzAw/LmpwZw,6,,,"9/21/2024, 7:28 AM"
Moonlighter,Kay,Single-Player,"Kay,Dee","PC,Steam",,606150,https://shared.cloudflare.steamstatic.com/store_item_assets/steam/apps/[Steam ID]/library_600x900.jpg,4,,Not Installed,"9/21/2024, 7:29 AM"
Mortal Kombat 1,Kay,"Local Multiplayer,Single-Player,Online PvP",Kay,"PC,Steam",139.57,1971870,https://shared.cloudflare.steamstatic.com/store_item_assets/steam/apps/[Steam ID]/library_600x900.jpg,7,,Not Installed,"9/21/2024, 7:42 AM"
Mortal Kombat 11,Kay,"Single-Player,Local Multiplayer,Online PvP",Kay,"PC,Steam",109,976310,https://shared.cloudflare.steamstatic.com/store_item_assets/steam/apps/[Steam ID]/library_600x900.jpg,8,,Not Installed,"2/27/2026, 12:11 PM"
Mutant - Year Zero,Kay,"Single-Player,Local Multiplayer","Kay,Dee","PC,Epic Games",7.3,760060,https://shared.cloudflare.steamstatic.com/store_item_assets/steam/apps/[Steam ID]/library_600x900.jpg,,To Play,Installed,"9/21/2024, 7:29 AM"
Need for Speed: Heat,Kay,Single-Player,Kay,"PC,Steam",34.2,1222680,https://shared.cloudflare.steamstatic.com/store_item_assets/steam/apps/[Steam ID]/library_600x900.jpg,4,,Not Installed,"2/27/2026, 12:11 PM"
Neon Abyss,Kay,Single-Player,Kay,"PC,Epic Games",1,788100,https://shared.cloudflare.steamstatic.com/store_item_assets/steam/apps/[Steam ID]/library_600x900.jpg,7,,Installed,"9/21/2024, 7:29 AM"
No Man's Sky,,"Single-Player,Online Co-Op",Kay,"PC,Steam",,275850,https://shared.cloudflare.steamstatic.com/store_item_assets/steam/apps/[Steam ID]/library_600x900.jpg,6,,Not Installed,"9/21/2024, 7:29 AM"
Noita,"Kay,Martin",Single-Player,"Kay,Martin","PC,Steam",1.3,881100,https://shared.cloudflare.steamstatic.com/store_item_assets/steam/apps/[Steam ID]/library_600x900.jpg,8,,Installed,"9/21/2024, 7:29 AM"
Nosedive,,Local Multiplayer,"Kay,Dee,Gary,Martin,Parents",Board Game,?,,,,Black Mirror Card game,,"9/21/2024, 7:28 AM"
Nuclear Throne,,Single-Player,Kay,"PC,Steam",0.15,242680,https://shared.cloudflare.steamstatic.com/store_item_assets/steam/apps/[Steam ID]/library_600x900.jpg,7,,Installed,"9/21/2024, 7:29 AM"
Obama Llama 2,,Single-Player,"Kay,Dee,Gary,Martin,Parents",Card Game,,,,,,,"9/21/2024, 7:28 AM"
Offworld Trading Company,Kay,Single-Player,Kay,"PC,Steam",1.33,271240,https://shared.cloudflare.steamstatic.com/store_item_assets/steam/apps/[Steam ID]/library_600x900.jpg,9,,,"9/21/2024, 7:28 AM"
OLO,Kay,"Single-Player,Local Multiplayer","Kay,Dee,Gary,Martin,Parents",Mobile,,,,5,,,"9/21/2024, 7:28 AM"
Orwell,Kay,"Single-Player,Local Multiplayer","Kay,Dee","PC,Steam",0.71,491950,https://shared.cloudflare.steamstatic.com/store_item_assets/steam/apps/[Steam ID]/library_600x900.jpg,6,,Not Installed,"9/21/2024, 7:29 AM"
Overcooked 2,Kay,"Single-Player,Local Multiplayer","Kay,Dee,Martin","PC,Epic Games",8,728880,https://shared.cloudflare.steamstatic.com/store_item_assets/steam/apps/[Steam ID]/library_600x900.jpg,6,,Not Installed,"9/21/2024, 7:29 AM"
Overwatch,"Kay,Dee,Martin,Gary","Single-Player,Online PvP,Online Co-Op","Kay,Dee,Martin,Gary","PC,Steam",70.92,2357570,https://shared.cloudflare.steamstatic.com/store_item_assets/steam/apps/[Steam ID]/library_600x900.jpg,6,,Not Installed,"2/27/2026, 12:15 PM"
People Playground,Kay,Single-Player,Kay,"PC,Steam",0.4,1118200,https://shared.cloudflare.steamstatic.com/store_item_assets/steam/apps/[Steam ID]/library_600x900.jpg,6,,Installed,"9/21/2024, 7:29 AM"
Phasmophobia,"Kay,Dee,Martin,Gary",Online Co-Op,Kay,"PC,Steam",32.7,739630,https://shared.cloudflare.steamstatic.com/store_item_assets/steam/apps/739630/library_600x900.jpg,7,,Installed,"2/26/2026, 5:59 PM"
Phase 10,Kay,Local Multiplayer,"Kay,Dee,Gary,Martin,Parents",Board Game,Small,,,,To Play,,"9/21/2024, 7:28 AM"
Pick your Poison,,Local Multiplayer,"Kay,Dee,Gary,Martin,Parents",Board Game,Small,,https://i.ebayimg.com/images/g/25QAAeSw615poxar/s-l1600.webp,,,,"03/01/2026, 12:00 PM"
Please Don't Touch Anything,Kay,Single-Player,"Kay,Dee","Mobile,PC,Steam",,,,6,,Not Installed,"9/21/2024, 7:29 AM"
Poker,"Kay,Dee,Martin,Gary","Single-Player,Local Multiplayer,Online PvP","Kay,Dee,Martin,Gary",52 Deck of Cards,,,,7,"Play Online
Free
Web-based
1. https://www.247freepoker.com/",,"9/21/2024, 7:28 AM"
Portal 2,"Kay,Dee,Martin,Gary","Single-Player,Online PvP,Online Co-Op,Local Multiplayer","Kay,Dee,Martin,Gary","PC,Steam",0.585,620,https://shared.cloudflare.steamstatic.com/store_item_assets/steam/apps/[Steam ID]/library_600x900.jpg,6,,Not Installed,"2/27/2026, 12:15 PM"
Project Zomboid,Kay,"Single-Player,Online Co-Op",Kay,"PC,Steam",6.8,108600,https://shared.cloudflare.steamstatic.com/store_item_assets/steam/apps/108600/library_600x900.jpg,7,,Installed,"2/27/2026, 12:43 PM"
Quake: Champions,"Kay,Dee,Gary","Single-Player,Online PvP,Online Co-Op","Kay,Dee,Gary","PC,Steam",33.62,611500,https://shared.cloudflare.steamstatic.com/store_item_assets/steam/apps/[Steam ID]/library_600x900.jpg,6,,Not Installed,"2/27/2026, 12:15 PM"
Read my Mind,,Local Multiplayer,"Kay,Dee,Gary,Martin,Parents",Board Game,?,,,,,,"9/21/2024, 7:28 AM"
Red Dead Redemption 2,"Kay,Martin,Gary","Single-Player,Online PvP,Online Co-Op","Kay,Martin,Gary","PC,Epic Games",119.4,1174180,https://shared.cloudflare.steamstatic.com/store_item_assets/steam/apps/[Steam ID]/library_600x900.jpg,9,,Installed,"9/21/2024, 7:29 AM"
R.E.P.O.,"Kay,Martin,Dee,Gary","Single-Player,Online Co-Op","Kay,Martin,Dee,Gary","PC,Steam",1.62,3241660,https://shared.cloudflare.steamstatic.com/store_item_assets/steam/apps/3241660/library_600x900.jpg,7,,Installed,"2/27/2026, 12:47 PM"
Right Brain Left Brain,Kay,Local Multiplayer,"Kay,Dee,Gary,Martin,Parents",Board Game,Small,,,3,,,"9/21/2024, 7:28 AM"
Rimworld,Kay,Single-Player,Kay,"PC,Steam",0.92,294100,https://shared.cloudflare.steamstatic.com/store_item_assets/steam/apps/[Steam ID]/library_600x900.jpg,9,Current Seed: MoreAccessibleThanCiv,Installed,"9/21/2024, 7:29 AM"
Risk of Rain,Kay,"Single-Player,Local Multiplayer","Kay,Dee","PC,Steam",0.1,248820,https://shared.cloudflare.steamstatic.com/store_item_assets/steam/apps/[Steam ID]/library_600x900.jpg,6,,Not Installed,"2/27/2026, 12:15 PM"
Rock Cycle,Kay,Local Multiplayer,"Kay,Dee,Gary,Martin,Parents",Board Game,Small,,,,To Play,,"9/21/2024, 7:28 AM"
Rock of Ages 1,"Kay,Gary","Single-Player,Local Multiplayer","Kay,Gary,Dee","PC,Steam",0.2,22230,https://shared.cloudflare.steamstatic.com/store_item_assets/steam/apps/[Steam ID]/library_600x900.jpg,6,,Not Installed,"2/27/2026, 12:15 PM"
Rocket League,Free to Play,"Single-Player,Online PvP,Online Co-Op,Local Multiplayer","Kay,Dee,Martin,Gary","PC,Steam",37.6,252950,https://shared.cloudflare.steamstatic.com/store_item_assets/steam/apps/[Steam ID]/library_600x900.jpg,9,,Installed,"9/21/2024, 7:29 AM"
Rummy,Kay,Local Multiplayer,"Kay,Dee,Gary,Martin,Parents",Board Game,Small,,https://m.media-amazon.com/images/I/81G5VjFv3TL.jpg,,To Play,,"9/21/2024, 7:28 AM"
Rust,"Kay,Dee","Single-Player,Online PvP,Online Co-Op","Kay,Dee","PC,Steam",19.5,252490,https://shared.cloudflare.steamstatic.com/store_item_assets/steam/apps/[Steam ID]/library_600x900.jpg,4,,Not Installed,"9/21/2024, 7:29 AM"
Satisfactory,Kay,"Single-Player,Online Co-Op",Kay,"PC,Steam",25.53,526870,https://shared.cloudflare.steamstatic.com/store_item_assets/steam/apps/526870/library_600x900.jpg,,,Installed,"2/27/2026, 12:34 PM"
Sea of Thieves,Kay,"Online Co-Op,Online PvP",Kay,"PC,Steam",129.1,1172620,https://shared.cloudflare.steamstatic.com/store_item_assets/steam/apps/1172620/library_600x900.jpg,7,,Installed,"2/26/2026, 5:50 PM"
Secret Hitler,,Local Multiplayer,"Kay,Dee,Gary,Martin,Parents",Board Game,Small,,https://cdn.shoplightspeed.com/shops/635402/files/19289281/1600x2048x2/goatwolfandcabbagellc-secret-hitler.jpg,,,,"9/21/2024, 7:28 AM"
Session: Skate Sim,Kay,Single-Player,Kay,"PC,Steam",16.77,861650,https://shared.cloudflare.steamstatic.com/store_item_assets/steam/apps/861650/library_600x900.jpg,7,,Installed,"2/28/2026, 10:43 AM"
Shapez,Kay,Single-Player,Kay,"PC,Steam",0.36,1318690,https://shared.cloudflare.steamstatic.com/store_item_assets/steam/apps/[Steam ID]/library_600x900.jpg,,,,"9/21/2024, 7:28 AM"
Sheriff of Nottingham,,Local Multiplayer,"Kay,Dee,Gary,Martin,Parents",Board Game,?,,,,,,"9/21/2024, 7:28 AM"
Sid Meier's Civilization VI,Kay,"Single-Player,Online PvP,Online Co-Op,Local Multiplayer",Kay,"PC,Steam",27.4,289070,https://shared.cloudflare.steamstatic.com/store_item_assets/steam/apps/[Steam ID]/library_600x900.jpg,6,,Installed,"9/21/2024, 7:29 AM"
Sims 4,"Kay,Dee",Single-Player,"Kay,Dee","PC,EA",51.1,1222670,https://shared.cloudflare.steamstatic.com/store_item_assets/steam/apps/[Steam ID]/library_600x900.jpg,6,,Installed,"9/21/2024, 7:29 AM"
Skyrim Special Edition,"Kay,Martin,Gary",Single-Player,"Kay,Martin,Gary","PC,Steam",14.99,489830,https://shared.cloudflare.steamstatic.com/store_item_assets/steam/apps/[Steam ID]/library_600x900.jpg,8,,Installed,"9/21/2024, 7:29 AM"
Slay the Spire,Kay,Single-Player,Kay,"PC,Steam",0.5,646570,https://shared.cloudflare.steamstatic.com/store_item_assets/steam/apps/[Steam ID]/library_600x900.jpg,7,,Installed,"9/21/2024, 7:29 AM"
SONGS OF SYX,Kay,Single-Player,Kay,"PC,Steam",0.7,1162750,https://shared.cloudflare.steamstatic.com/store_item_assets/steam/apps/[Steam ID]/library_600x900.jpg,7,,Installed,"2/27/2026, 12:15 PM"
Spelunky 2,,Single-Player,Kay,"PC,Steam",0.57,418530,https://shared.cloudflare.steamstatic.com/store_item_assets/steam/apps/[Steam ID]/library_600x900.jpg,7,,Installed,"2/27/2026, 12:15 PM"
Splitgate: Arena Reloaded,Free to Play,"Online PvP,Online Co-Op","Kay,Dee,Gary,Martin","PC,Steam",36.7,2918300,https://shared.cloudflare.steamstatic.com/store_item_assets/steam/apps/[Steam ID]/library_600x900.jpg,9,,Installed,"2/26/2026, 5:55 PM"
Stardew Valley,"Kay,Martin",Single-Player,"Kay,Martin","PC,Steam",0.66,413150,https://shared.cloudflare.steamstatic.com/store_item_assets/steam/apps/413150/library_600x900.jpg,6,,Installed,"2/27/2026, 12:46 PM"
Starwhals,Kay,"Single-Player,Local Multiplayer",Kay,Playstation,,,,4,,,"9/21/2024, 7:28 AM"
Stellaris,Kay,"Single-Player,Online PvP",Kay,"PC,Steam",25.32,281990,https://shared.cloudflare.steamstatic.com/store_item_assets/steam/apps/281990/library_600x900.jpg,,,Installed,"2/27/2026, 12:35 PM"
Streets of Rogue,,Single-Player,Kay,"PC,Steam",0.38,512900,https://shared.cloudflare.steamstatic.com/store_item_assets/steam/apps/[Steam ID]/library_600x900.jpg,6,,Installed,"9/21/2024, 7:29 AM"
Sumotori,Kay,Single-Player,Kay,Mobile,,,,4,,,"9/21/2024, 7:28 AM"
Super Meat Boy Forever,Kay,Single-Player,Kay,Epic Games,5.2,581660,https://shared.cloudflare.steamstatic.com/store_item_assets/steam/apps/[Steam ID]/library_600x900.jpg,6,,Installed,"9/21/2024, 7:29 AM"
Tabletop Simulator,"Kay,Dee,Martin,Gary","Single-Player,Online PvP,Online Co-Op,Local Multiplayer","Gary,Martin,Kay,Dee","PC,Steam",2.83,286160,https://shared.cloudflare.steamstatic.com/store_item_assets/steam/apps/[Steam ID]/library_600x900.jpg,8,,Installed,"2/27/2026, 12:15 PM"
Tales of Maj Eyal,"Kay,Dee,Martin,Gary",Single-Player,Kay,"PC,Steam",1,259680,https://shared.cloudflare.steamstatic.com/store_item_assets/steam/apps/[Steam ID]/library_600x900.jpg,3,,Not Installed,"2/27/2026, 12:15 PM"
Talk it Out / Act it Out,Kay,Local Multiplayer,"Kay,Dee,Gary,Martin,Parents",Board Game,?,,,,To Play,,"9/21/2024, 7:28 AM"
Team Fortress 2,"Kay,Dee,Gary,Martin","Single-Player,Online PvP,Online Co-Op","Kay,Dee,Gary,Martin","PC,Steam",29.92,440,https://shared.cloudflare.steamstatic.com/store_item_assets/steam/apps/[Steam ID]/library_600x900.jpg,6,,Installed,"9/21/2024, 7:29 AM"
Terraria,"Kay,Dee,Gary,Martin","Single-Player,Online Co-Op","Kay,Dee,Gary,Martin","PC,Steam",0.67,105600,https://shared.cloudflare.steamstatic.com/store_item_assets/steam/apps/[Steam ID]/library_600x900.jpg,9,,Installed,"9/21/2024, 7:29 AM"
Test Drive Unlimited 2,Kay,"Single-Player,Online PvP",Kay,"PC,Steam",16.5,9930,https://shared.cloudflare.steamstatic.com/store_item_assets/steam/apps/[Steam ID]/library_600x900.jpg,5,,Not Installed,"2/27/2026, 12:15 PM"
That's You!,Kay,"Single-Player,Local Multiplayer","Kay,Dee",Playstation,,,https://i.ebayimg.com/00/s/NTAwWDM5Mw==/z/VEgAAOSwwppeKhTo/$_57.JPG?set_id=8800005007,,To Play,,"9/21/2024, 7:28 AM"
The Binding of Isaac: Rebirth,"Kay,Dee,Gary,Martin","Single-Player,Local Multiplayer","Kay,Dee,Gary,Martin","PC,Steam",1.9,250900,https://shared.cloudflare.steamstatic.com/store_item_assets/steam/apps/[Steam ID]/library_600x900.jpg,8,,Installed,"9/21/2024, 7:29 AM"
The Crucible Online,Free to Play,,,Web Browser,,,,,https://thecrucible.online/play#,Install Not Needed,"9/21/2024, 7:29 AM"
The Elder Scrolls Online,Kay,"Online PvP,Online Co-Op",Kay,"PC,Epic Games",99.9,306130,https://shared.cloudflare.steamstatic.com/store_item_assets/steam/apps/[Steam ID]/library_600x900.jpg,6,,Not Installed,"2/27/2026, 12:15 PM"
The Finals,Free to Play,Online PvP,"Kay,Dee,Martin","PC,Steam",71.1,2073850,https://shared.cloudflare.steamstatic.com/store_item_assets/steam/apps/2073850/library_600x900.jpg,7,,Installed,"2/26/2026, 5:52 PM"
THE GREAT OXFORD GAME OF THE ENGLISH LANGUAGE,,Local Multiplayer,"Kay,Dee,Gary,Martin,Parents",Board Game,?,,,,£5 in British Heart Foundation,,"9/21/2024, 7:28 AM"
The Legend of Bum-Bo,,,Kay,"PC,Steam",,1148650,https://shared.cloudflare.steamstatic.com/store_item_assets/steam/apps/[Steam ID]/library_600x900.jpg,,,Not Installed,"2/27/2026, 12:15 PM"
The Muddles,,"Single-Player,Local Multiplayer","Kay,Dee,Gary,Martin,Parents",Card Game,,,,,,,"9/21/2024, 7:28 AM"
The Outer Worlds,"Kay,Gary",Single-Player,"Kay,Gary","PC,Epic Games",52.9,578650,https://shared.cloudflare.steamstatic.com/store_item_assets/steam/apps/[Steam ID]/library_600x900.jpg,8,,Installed,"9/21/2024, 7:29 AM"
The Outlast Trials,Dee,Online PvP,Dee,"PC,Steam",51.1,1304930,https://shared.cloudflare.steamstatic.com/store_item_assets/steam/apps/1304930/library_600x900.jpg,6,,Installed,"2/26/2026, 5:53 PM"
The Turing Test,Kay,Single-Player,Kay,"PC,Steam",0.14,,https://shared.cloudflare.steamstatic.com/store_item_assets/steam/apps/[Steam ID]/library_600x900.jpg,6,,Not Installed,"9/21/2024, 7:29 AM"
Tiny Tina's Wonderlands,,"Single-Player,Online PvP,Online Co-Op",Kay,"PC,Epic Games",,1286680,https://shared.cloudflare.steamstatic.com/store_item_assets/steam/apps/[Steam ID]/library_600x900.jpg,,,Not Installed,"9/21/2024, 7:29 AM"
Tojam and Earl,Kay,"Single-Player,Local Multiplayer","Kay,Dee","PC,Epic Games",1.9,516110,https://shared.cloudflare.steamstatic.com/store_item_assets/steam/apps/[Steam ID]/library_600x900.jpg,7,,Installed,"9/21/2024, 7:29 AM"
Top Trumps,Kay,Local Multiplayer,"Kay,Dee,Gary,Martin,Parents",Board Game,Small,,https://imgs.search.brave.com/WBwMCAKiENzZmBBN7sT1S7uc_Gab_krdIv58LHDDxwg/rs:fit:860:0:0:0/g:ce/aHR0cHM6Ly9tdWRk/bGVpdC5jb20vaW1h/Z2UvY2FjaGUvY2F0/YWxvZy9wcm9kdWN0/L3RvcF90cnVtcHNf/bmF0aW9uYWxfdHJl/YXN1cmVzLTI1MHgy/NTBoLmpwZw,5,"Desired Top Trumps:
HM Queen Elizabeth II",,"9/21/2024, 7:28 AM"
Toribash,"Kay,Dee,Martin,Gary","Single-Player,Online PvP,Local Multiplayer","Kay,Dee,Martin,Gary","PC,Steam",0.49,248570,https://shared.cloudflare.steamstatic.com/store_item_assets/steam/apps/[Steam ID]/library_600x900.jpg,8,,Not Installed,"2/27/2026, 12:15 PM"
Total War: THREE KINGDOMS,Kay,Single-Player,Kay,"PC,Epic Games",57.6,779340,https://shared.cloudflare.steamstatic.com/store_item_assets/steam/apps/779340/library_600x900.jpg,,,Installed,"2/26/2026, 6:03 PM"
Town of Salem 2,"Kay,Dee,Gary,Martin","Single-Player,Online PvP,Local Multiplayer","Kay,Dee,Gary,Martin","Mobile,PC,Steam",1.22,334230,https://shared.cloudflare.steamstatic.com/store_item_assets/steam/apps/[Steam ID]/library_600x900.jpg,6,,Installed,"9/21/2024, 7:29 AM"
Trials Rising,Kay,"Single-Player,Online PvP","Kay,Dee,Kay & Dee",Uplay,27.4,641080,https://shared.cloudflare.steamstatic.com/store_item_assets/steam/apps/[Steam ID]/library_600x900.jpg,7,,Installed,"9/21/2024, 7:29 AM"
Trivial Pursuit,Kay,Local Multiplayer,"Kay,Dee,Gary,Martin,Parents",Board Game,Medium,,https://media.very.co.uk/i/very/T7RKR_SQ1_0000000099_N_A_SLf?$pdp_300x400_x2$&fmt=jpg,,To Play,,"9/21/2024, 7:28 AM"
Tsuro,Kay,Single-Player,"Kay,Dee,Gary,Martin,Parents",Mobile,,,,7,,,"9/21/2024, 7:28 AM"
Typing of the Dead: Overkill,"Kay,Gary",Single-Player,"Kay,Gary,Dee","PC,Steam",7.6,,https://shared.cloudflare.steamstatic.com/store_item_assets/steam/apps/[Steam ID]/library_600x900.jpg,5,,Not Installed,"9/21/2024, 7:29 AM"
Tyranny,Kay,Single-Player,Kay,"PC,Epic Games",17.3,362960,https://shared.cloudflare.steamstatic.com/store_item_assets/steam/apps/[Steam ID]/library_600x900.jpg,,To Play,Installed,"9/21/2024, 7:29 AM"
Ultimate Chicken Horse,Kay,"Single-Player,Local Multiplayer,Online PvP","Kay,Dee","PC,Steam",2.32,386940,https://shared.cloudflare.steamstatic.com/store_item_assets/steam/apps/[Steam ID]/library_600x900.jpg,6,,Not Installed,"2/27/2026, 12:15 PM"
UNO,"Kay,Dee",Local Multiplayer,"Kay,Dee",Board Game,Small,,https://imgs.search.brave.com/TAE2ciudwoSoKEb1X_0hOlOXidx4lxVjAJhH6DCKK5Q/rs:fit:860:0:0:0/g:ce/aHR0cHM6Ly9zdGF0/aWMudmVjdGVlenku/Y29tL3N5c3RlbS9y/ZXNvdXJjZXMvdGh1/bWJuYWlscy8wMTIv/NzcxLzg0Ni9zbWFs/bC90ZXJub3BpbC11/a3JhaW5lLW1heS0x/NS0yMDIyLW1hbnkt/Y29sb3JmdWwtdW5v/LWdhbWUtY2FyZHMt/b24teWVsbG93LWJh/Y2tncm91bmQtdW5v/LWlzLWFuLWFtZXJp/Y2FuLXNoZWRkaW5n/LXR5cGUtY2FyZC1n/YW1lLXRoYXQtaXMt/cGxheWVkLXdpdGgt/YS1zcGVjaWFsbHkt/cHJpbnRlZC1kZWNr/LWZyZWUtcGhvdG8u/SlBH,5,,,"9/21/2024, 7:28 AM"
Unstable Unicorns,,Local Multiplayer,"Kay,Dee,Gary,Martin,Parents",Board Game,Small,Small,https://imgs.search.brave.com/9cFaRW2WhtQUum1pK6qx9sX_TPT42NKnqvICfRmtmLg/rs:fit:860:0:0:0/g:ce/aHR0cHM6Ly9tLm1l/ZGlhLWFtYXpvbi5j/b20vaW1hZ2VzL0kv/NjFGT0pTcnp5MEwu/anBn,7,,,"9/21/2024, 7:28 AM"
Victoria 3,Kay,"Single-Player,Online PvP",Kay,"PC,Steam",13.7,529340,https://shared.cloudflare.steamstatic.com/store_item_assets/steam/apps/529340/library_600x900.jpg,8,,Installed,"2/27/2026, 12:40 PM"
Vignettes,Kay,Single-Player,"Kay,Dee",Mobile,,,,6,,,"9/21/2024, 7:28 AM"
Weird Things Humans Search For,,"Single-Player,Local Multiplayer","Kay,Dee,Gary,Martin,Parents",Card Game,,,,,,,"9/21/2024, 7:28 AM"
Worldbox,,,Kay,"PC,Steam",,,,,,,"9/21/2024, 7:28 AM"
Worms WMD,Kay,"Single-Player,Local Multiplayer,Online PvP,Online Co-Op","Kay,Dee","PC,Steam",9.1,327030,https://shared.cloudflare.steamstatic.com/store_item_assets/steam/apps/[Steam ID]/library_600x900.jpg,6,To Play,Installed,"9/21/2024, 7:29 AM"
Wreckfest - Bugbear Entertainment,Kay,"Single-Player,Online PvP","Kay,Dee","PC,Steam",31.8,228380,https://shared.cloudflare.steamstatic.com/store_item_assets/steam/apps/[Steam ID]/library_600x900.jpg,7,,Installed,"9/21/2024, 7:29 AM"
XCom 2,Kay,Single-Player,Kay,"PC,Epic Games",36.44,268500,https://shared.cloudflare.steamstatic.com/store_item_assets/steam/apps/[Steam ID]/library_600x900.jpg,5,,Installed,"9/21/2024, 7:29 AM"


